time,sine_active,ramp_factor,q1,q2,q3,q4,q5,q6,dq1,dq2,dq3,dq4,dq5,dq6,qd6,dqd6,ddqd6,error6,z1,z2,hx,hbeta_x6,barrier_ratio6,alpha6,alpha_dot6,mu_s6,phi6,nu_r6,term_z2_6,term_mu_6,term_nu_6,virtual_accel_unsat6,virtual_accel6,theta_hat,tau6_raw,tau_raw1,tau_raw2,tau_raw3,tau_raw4,tau_raw5,tau_raw6,tau_cmd1,tau_cmd2,tau_cmd3,tau_cmd4,tau_cmd5,tau_cmd6,alpha_saturated,alpha_dot_saturated,virtual_accel_saturated,amplitude_saturated6,rate_saturated6,abort
0.01,1,0.0002467198171,5.920207103e-05,3.73907817e-05,1.27032784e-05,0.0001440503834,3.163835375e-05,0.009690683943,0,0,0,0,0,0,0.00977622846,0.01047183196,-2.870938426e-05,-8.554451678e-05,-0.001021055066,-0.0157832275,11.93248268,-0,0.1117236494,0.0157832275,0.08743948147,-0.01218372189,1.009690684,-0.0004022652557,0.7891613748,0.01218372189,0.0004022652557,0.8891868434,0.8891868434,0.05,0.03779044084,2.396844981e-06,1.438106989e-06,4.793689962e-07,-3.355582973e-06,-2.876213977e-06,0.03779044084,5.913491554e-10,3.548094933e-10,1.182698311e-10,-8.278888176e-10,-7.096189865e-10,9.323650655e-06,0,0,0,0,0,0
0.02,1,0.0009866357859,6.231796951e-05,3.81098352e-05,1.31826474e-05,0.0001423725919,3.163835375e-05,0.009691163312,0,0,0,0,0,0,0.009880944865,0.01047140133,-5.741798145e-05,-0.0001897815535,-0.002266037796,-0.022259069,11.93252141,-0,0.1117291588,0.022259069,0.1899071098,-0.02703954453,1.009691163,-0.0005673148021,1.11295345,0.02703954453,0.0005673148021,1.330467419,1.330467419,0.05,0.05654486531,-3.83495197e-06,-0,-4.793689962e-07,-0,-2.876213977e-06,0.05654486531,-3.78370085e-09,-0,-4.729626063e-10,-0,-2.837775638e-09,5.578918762e-05,0,0,0,0,0,0
0.03,1,0.002219017698,6.016080902e-05,3.715109721e-05,1.31826474e-05,0.0001426122764,3.211772275e-05,0.009691402996,0,0,0,0,0,0,0.009985655529,0.01047068361,-8.612500448e-05,-0.0002942525329,-0.003514716436,-0.02875391542,11.93254078,-0,0.1117319135,0.02875391542,0.2739807684,-0.0419394972,1.009691403,-0.0007328486911,1.437695771,0.0419394972,0.0007328486911,1.754348885,1.754348885,0.05,0.07455982762,4.793689962e-07,1.917475985e-06,-4.793689962e-07,-4.793689962e-07,-3.83495197e-06,0.07455982762,1.063728287e-09,4.254913147e-09,-1.063728287e-09,-1.063728287e-09,-8.509826294e-09,0.0001654495771,0,0,0,0,0,0
0.04,1,0.003942649343,6.135923152e-05,3.73907817e-05,1.390170089e-05,0.0001423725919,3.211772275e-05,0.009691642681,0,0,0,0,0,0,0.01009035758,0.01046967883,-0.0001148296664,-0.0003987148998,-0.004764206669,-0.03525275385,11.93256015,-0,0.1117346682,0.03525275385,0.3427798755,-0.05684918264,1.009691643,-0.0008984844814,1.762637692,0.05684918264,0.0008984844814,2.163165235,2.163165235,0.05,0.09193452249,-1.917475985e-06,1.438106989e-06,-1.917475985e-06,-0,-3.83495197e-06,0.09193452249,-7.559935431e-09,5.669951574e-09,-7.559935431e-09,-0,-1.511987086e-08,0.0003624655847,0,0,0,0,0,0
0.05,1,0.006155829702,6.111954702e-05,3.78701507e-05,1.366201639e-05,0.0001430916454,3.235740724e-05,0.009693799841,0,0,0,0,0,0,0.01019504815,0.01046838703,-0.0001435311801,-0.0005012483078,-0.005991603547,-0.04163603197,11.93273449,-0,0.1117594604,0.04163603197,0.3968631518,-0.07149621427,1.0096938,-0.00106117918,2.081801598,0.07149621427,0.00106117918,2.551222144,2.551222144,0.05,0.1084269411,-1.438106989e-06,4.793689962e-07,-1.438106989e-06,-1.438106989e-06,-4.314320966e-06,0.1084269411,-8.852741716e-09,2.950913905e-09,-8.852741716e-09,-8.852741716e-09,-2.655822515e-08,0.0006674577846,0,0,0,0,0,0
0.06,1,0.008856374636,5.992112453e-05,3.78701507e-05,1.31826474e-05,0.0001428519609,3.211772275e-05,0.009695477633,0,-0.001047197551,0,0,0,0,0.01029972436,0.01046680822,-0.0001722287589,-0.0006042467318,-0.007225483092,-0.04805275633,11.93287011,-0,0.1117787431,0.04805275633,0.4415212003,-0.08622075124,1.009695478,-0.001224726556,2.402637816,0.08622075124,0.001224726556,2.931604495,2.931604495,0.05,0.124593191,9.587379924e-07,0.0001051991241,-4.793689962e-07,-9.587379924e-07,-3.83495197e-06,0.124593191,8.490942838e-09,9.316828545e-07,-4.245471419e-09,-8.490942838e-09,-3.396377135e-08,0.001103443977,0,0,0,0,0,0
0.07,1,0.01204161903,6.064017802e-05,3.83495197e-05,1.27032784e-05,0.0001423725919,3.163835375e-05,0.009696436371,0,0,0,0,0,0,0.01040438336,0.01046494247,-0.000200921616,-0.0007079469863,-0.008468681113,-0.05451781014,11.93294762,-0,0.1117897619,0.05451781014,0.4789842004,-0.1010563282,1.009696436,-0.001389504823,2.725890507,0.1010563282,0.001389504823,3.30732054,3.30732054,0.05,0.140561123,-4.793689962e-07,-4.793689962e-07,4.793689962e-07,-0,-2.876213977e-06,0.140561123,-5.772378828e-09,-5.772378828e-09,5.772378828e-09,-0,-3.463427297e-08,0.001692583493,0,0,0,0,0,0
0.08,1,0.01570841944,5.992112453e-05,3.76304662e-05,1.27032784e-05,0.0001428519609,3.187803825e-05,0.009698593531,0,0,0,0,0,0,0.01050902226,0.01046278981,-0.0002296089646,-0.0008104287263,-0.009698291828,-0.06091148347,11.93312205,-0,0.1118145539,0.06091148347,0.5084557929,-0.1157309001,1.009698594,-0.00155246811,3.045574174,0.1157309001,0.00155246811,3.671313335,3.671313335,0.05,0.1560308167,9.587379924e-07,9.587379924e-07,4.793689962e-07,-9.587379924e-07,-3.355582973e-06,0.1560308167,1.506025851e-08,1.506025851e-08,7.530129257e-09,-1.506025851e-08,-5.27109048e-08,0.002450997514,0,0,0,0,0,0
0.09,1,0.01985315716,6.111954702e-05,3.595267472e-05,1.31826474e-05,0.0001426122764,3.211772275e-05,0.009698833216,0,0,0,0,0,0,0.0106136382,0.01046035031,-0.0002582900185,-0.0009148049814,-0.01095147275,-0.06742809868,11.93314144,-0,0.1118173086,0.06742809868,0.5346616348,-0.1306854733,1.009698833,-0.001718559731,3.371404934,0.1306854733,0.001718559731,4.038470602,4.038470602,0.05,0.1716350006,-1.438106989e-06,4.314320966e-06,-4.793689962e-07,-4.793689962e-07,-3.83495197e-06,0.1716350006,-2.855096406e-08,8.565289218e-08,-9.51698802e-09,-9.51698802e-09,-7.613590416e-08,0.003407496641,0,0,0,0,0,0
0.1,1,0.02447174185,6.087986252e-05,3.76304662e-05,1.366201639e-05,0.0001430916454,3.187803825e-05,0.009699312585,0,0,0,0,0,0,0.01071822831,0.01045762403,-0.0002869639912,-0.001018915723,-0.01220245761,-0.0739329545,11.93318021,-0,0.1118228179,0.0739329545,0.55581425,-0.1456141256,1.009699313,-0.001884352688,3.696647725,0.1456141256,0.001884352688,4.399960453,4.399960453,0.05,0.1869983193,-9.587379924e-07,9.587379924e-07,-1.438106989e-06,-1.438106989e-06,-3.355582973e-06,0.1869983193,-2.346198865e-08,2.346198865e-08,-3.519298298e-08,-3.519298298e-08,-8.211696029e-08,0.004576174596,0,0,0,0,0,0
0.11,1,0.02955961552,6.111954702e-05,3.715109721e-05,1.31826474e-05,0.0001423725919,3.187803825e-05,0.009699552269,0,0,0,0,0,0,0.01082278972,0.01045461106,-0.0003156300966,-0.001123237453,-0.01345694189,-0.08045587133,11.93319959,-0,0.1118255726,0.08045587133,0.5734403932,-0.1605843734,1.009699552,-0.002050605315,4.022793567,0.1605843734,0.002050605315,4.758868939,4.758868939,0.05,0.2022519299,-1.438106989e-06,1.917475985e-06,-4.793689962e-07,-0,-3.355582973e-06,0.2022519299,-4.250988967e-08,5.667985289e-08,-1.416996322e-08,-0,-9.918974255e-08,0.005978489286,0,0,0,0,0,0
0.12,1,0.03511175706,6.016080902e-05,3.73907817e-05,1.29429629e-05,0.0001426122764,3.187803825e-05,0.009699552269,0,0,0,0,0,0,0.01092731957,0.01045131146,-0.0003442875488,-0.001227767304,-0.01471490063,-0.08699675037,11.93319959,-0,0.1118255726,0.08699675037,0.5881847412,-0.1755958461,1.009699552,-0.002217314855,4.349837519,0.1755958461,0.002217314855,5.115835421,5.115835421,0.05,0.2174230054,4.793689962e-07,1.438106989e-06,-0,-4.793689962e-07,-3.355582973e-06,0.2174230054,1.683148774e-08,5.049446321e-08,-0,-1.683148774e-08,-1.178204141e-07,0.007634103743,0,0,0,0,0,0
0.13,1,0.04112268716,6.016080902e-05,3.715109721e-05,1.31826474e-05,0.0001426122764,3.187803825e-05,0.009700511007,0,0,0,0,0,0,0.011031815,0.01044772534,-0.0003729355623,-0.001331303989,-0.01596200769,-0.09348043058,11.93327714,-0,0.1118365913,0.09348043058,0.5990462393,-0.1904790614,1.009700511,-0.002382571074,4.674021529,0.1904790614,0.002382571074,5.465929401,5.465929401,0.05,0.2323019995,4.793689962e-07,1.917475985e-06,-4.793689962e-07,-4.793689962e-07,-3.355582973e-06,0.2323019995,1.971294126e-08,7.885176506e-08,-1.971294126e-08,-1.971294126e-08,-1.379905889e-07,0.009552882453,0,0,0,0,0,0
0.14,1,0.04758647377,6.064017802e-05,3.81098352e-05,1.29429629e-05,0.0001421329074,3.187803825e-05,0.009700271323,0,0,0,0,0,0,0.01113627313,0.01044385278,-0.0004015733515,-0.001436001803,-0.01722397983,-0.1000418596,11.93325775,-0,0.1118338366,0.1000418596,0.6094672935,-0.2055381908,1.009700271,-0.002549803486,5.002092981,0.2055381908,0.002549803486,5.819648269,5.819648269,0.05,0.2473350514,-4.793689962e-07,-0,-0,4.793689962e-07,-3.355582973e-06,0.2473350514,-2.281148016e-08,-0,-0,2.281148016e-08,-1.596803611e-07,0.01176980294,0,0,0,0,0,0
0.15,1,0.05449673791,6.135923152e-05,3.73907817e-05,1.31826474e-05,0.0001430916454,3.211772275e-05,0.009700271323,0,0,0,0,0,0,0.0112406911,0.01043969391,-0.0004302001314,-0.001540419775,-0.01848363049,-0.1065908632,11.93325775,-0,0.1118338366,0.1065908632,0.6177395798,-0.2205699268,1.009700271,-0.002716720336,5.329543159,0.2205699268,0.002716720336,6.170569386,6.170569386,0.05,0.2622491989,-1.917475985e-06,1.438106989e-06,-4.793689962e-07,-1.438106989e-06,-3.83495197e-06,0.2622491989,-1.044961862e-07,7.837213964e-08,-2.612404655e-08,-7.837213964e-08,-2.089923724e-07,0.01429172586,0,0,0,0,0,0
0.16,1,0.06184665998,5.992112453e-05,3.691141271e-05,1.24635939e-05,0.0001426122764,3.211772275e-05,0.009700031638,0,0,0,0,0,0,0.01134506605,0.01043524882,-0.0004588151171,-0.001645034411,-0.01974665473,-0.1131573652,11.93323836,-0,0.111831082,0.1131573652,0.6248929919,-0.2356415377,1.009700032,-0.002884081807,5.65786826,0.2356415377,0.002884081807,6.521286871,6.521286871,0.05,0.277154692,9.587379924e-07,2.396844981e-06,9.587379924e-07,-4.793689962e-07,-3.83495197e-06,0.277154692,5.929474263e-08,1.482368566e-07,5.929474263e-08,-2.964737131e-08,-2.371789705e-07,0.017141092,0,0,0,0,0,0
0.17,1,0.0696289865,6.064017802e-05,3.85892042e-05,1.29429629e-05,0.0001430916454,3.211772275e-05,0.009701230061,0,0,0,0,0,0,0.01144939512,0.01043051765,-0.0004874175242,-0.00174816506,-0.02099300553,-0.1196358803,11.9333353,-0,0.1118448553,0.1196358803,0.6292061894,-0.2505165739,1.00970123,-0.003049209251,5.981794013,0.2505165739,0.003049209251,6.864565985,6.864565985,0.05,0.2917440544,-4.793689962e-07,-9.587379924e-07,-0,-1.438106989e-06,-3.83495197e-06,0.2917440544,-3.337797736e-08,-6.675595473e-08,-0,-1.001339321e-07,-2.670238189e-07,0.02031384282,0,0,0,0,0,0
0.18,1,0.07783603725,5.992112453e-05,3.78701507e-05,1.31826474e-05,0.0001423725919,3.235740724e-05,0.009701230061,0,0.001047197551,0,0,0,0,0.01155367545,0.01042550051,-0.0005160065685,-0.001852445389,-0.02225411976,-0.1261918037,11.9333353,-0,0.1118448553,0.1261918037,0.6339957763,-0.2655658729,1.00970123,-0.003216302788,6.309590184,0.2655658729,0.003216302788,7.212368136,7.212368136,0.05,0.3065256458,9.587379924e-07,-0.0001042403861,-4.793689962e-07,-0,-4.314320966e-06,0.3065256458,7.462436609e-08,-8.113658577e-06,-3.731218305e-08,-0,-3.358096474e-07,0.02385874158,0,0,0,0,0,0
0.19,1,0.08645971286,5.968144003e-05,3.643204371e-05,1.31826474e-05,0.0001423725919,3.235740724e-05,0.009700990376,-0.001047197551,0,0,0,0,0,0.01165790418,0.01042019756,-0.0005445814662,-0.001956913802,-0.02351853088,-0.1327648562,11.93331591,-0,0.1118421006,0.1327648562,0.6382311604,-0.2806540587,1.00970099,-0.003383831295,6.638242812,0.2806540587,0.003383831295,7.560511862,7.560511862,0.05,0.3213217541,0.0001061578621,3.355582973e-06,-4.793689962e-07,-0,-4.314320966e-06,0.3213217541,9.178378276e-06,2.901227404e-07,-4.144610577e-08,-0,-3.730149519e-07,0.0277813866,0,0,0,0,0,0
0.2,1,0.09549150281,6.087986252e-05,3.78701507e-05,1.29429629e-05,0.0001423725919,3.235740724e-05,0.009700750692,0,0,0.001047197551,0,0,0,0.01176207845,0.01041460893,-0.000573141434,-0.002061327757,-0.02478335284,-0.1393398482,11.93329652,-0,0.111839346,0.1393398482,0.6417297301,-0.2957470983,1.009700751,-0.003551409076,6.966992412,0.2957470983,0.003551409076,7.90802065,7.90802065,0.05,0.3360908776,-9.587379924e-07,4.793689962e-07,-0.0001047197551,-0,-4.314320966e-06,0.3360908776,-9.15513317e-08,4.577566585e-08,-9.999846791e-06,-0,-4.119809927e-07,0.03209382299,0,0,0,0,0,0
0.21,1,0.1049224938,5.968144003e-05,3.81098352e-05,1.29429629e-05,0.0001426122764,3.211772275e-05,0.009701469745,0,-0.001047197551,0,0,0,0,0.0118661954,0.01040873479,-0.0006016856887,-0.00216472566,-0.02603711885,-0.1458562545,11.93335469,-0,0.11184761,0.1458562545,0.643595267,-0.3107101744,1.00970147,-0.003717500558,7.292812723,0.3107101744,0.003717500558,8.250835665,8.250835665,0.05,0.3506605157,1.438106989e-06,0.0001047197551,-0,-4.793689962e-07,-3.83495197e-06,0.3506605157,1.508897716e-07,1.098745786e-05,-0,-5.029659054e-08,-4.023727243e-07,0.03679217579,0,0,0,0,0,0
0.22,1,0.1147433786,6.135923152e-05,3.78701507e-05,1.342233189e-05,0.0001423725919,3.211772275e-05,0.00970170943,0,0,0,0,0,0,0.01197025219,0.01040257528,-0.000630213448,-0.002268542763,-0.02729696429,-0.1524044597,11.93337408,-0,0.1118503646,0.1524044597,0.645626519,-0.3257448861,1.009701709,-0.003884399301,7.620222984,0.3257448861,0.003884399301,8.595478789,8.595478789,0.05,0.3653078485,-1.917475985e-06,4.793689962e-07,-9.587379924e-07,-0,-3.83495197e-06,0.3653078485,-2.200176729e-07,5.500441823e-08,-1.100088365e-07,-0,-4.400353458e-07,0.04191665677,0,0,0,0,0,0
0.23,1,0.1249444652,6.040049352e-05,3.667172821e-05,1.27032784e-05,0.0001423725919,3.211772275e-05,0.009702188799,0,0,0,0,0,0,0.01207424596,0.01039613057,-0.0006587239296,-0.002372057161,-0.02855428233,-0.158939035,11.93341286,-0,0.1118558739,0.158939035,0.6470235629,-0.34075004,1.009702189,-0.004050952735,7.946951751,0.34075004,0.004050952735,8.938776307,8.938776307,0.05,0.3798979931,-0,2.876213977e-06,4.793689962e-07,-0,-3.83495197e-06,0.3798979931,-0,3.593670171e-07,5.989450286e-08,-0,-4.791560229e-07,0.04746615157,0,0,0,0,0,0
0.24,1,0.1355156863,6.087986252e-05,3.78701507e-05,1.27032784e-05,0.0001423725919,3.211772275e-05,0.00970170943,0,0,0,0,0,0,0.01217817385,0.01038940086,-0.000687216352,-0.002476464425,-0.02982334802,-0.1655354582,11.93337408,-0,0.1118503646,0.1655354582,0.6492774273,-0.3558931682,1.009701709,-0.00421907482,8.276772912,0.3558931682,0.00421907482,9.286162582,9.286162582,0.05,0.3946619098,-9.587379924e-07,4.793689962e-07,4.793689962e-07,-0,-3.83495197e-06,0.3946619098,-1.29924037e-07,6.496201851e-08,6.496201851e-08,-0,-5.196961481e-07,0.05348287955,0,0,0,0,0,0
0.25,1,0.1464466094,6.159891601e-05,3.83495197e-05,1.29429629e-05,0.0001426122764,3.259709174e-05,0.009701949114,0,0,0,0,0,0,0.01228203303,0.01038238631,-0.000715689934,-0.002580083913,-0.03108411327,-0.1720877391,11.93339347,-0,0.1118531193,0.1720877391,0.6504220391,-0.3709389543,1.009701949,-0.004386077759,8.604386957,0.3709389543,0.004386077759,9.630134029,9.630134029,0.05,0.4092806962,-2.396844981e-06,-4.793689962e-07,-0,-4.793689962e-07,-4.793689962e-06,0.4092806962,-3.510098208e-07,-7.020196415e-08,-0,-7.020196415e-08,-7.020196415e-07,0.05993777026,0,0,0,0,0,0
0.26,1,0.157726447,6.087986252e-05,3.73907817e-05,1.29429629e-05,0.0001430916454,3.187803825e-05,0.009702188799,0,0,0,0,0,0,0.01238582063,0.01037508712,-0.000744143895,-0.002683631833,-0.03234513237,-0.1786410956,11.93341286,-0,0.1118558739,0.1786410956,0.651295464,-0.3859878186,1.009702189,-0.004553108269,8.932054778,0.3859878186,0.004553108269,9.973891169,9.973891169,0.05,0.4238903747,-9.587379924e-07,1.438106989e-06,-0,-1.438106989e-06,-3.355582973e-06,0.4238903747,-1.512183372e-07,2.268275058e-07,-0,-2.268275058e-07,-5.292641801e-07,0.06685872273,0,0,0,0,0,0
0.27,1,0.1693440673,6.016080902e-05,3.691141271e-05,1.29429629e-05,0.0001428519609,3.211772275e-05,0.009702188799,0,0.001047197551,0,0,0,0,0.01248953382,0.0103675035,-0.0007725774549,-0.002787345023,-0.03360923903,-0.1852105499,11.93341286,-0,0.1118558739,0.1852105499,0.6522711932,-0.4010729253,1.009702189,-0.004720546992,9.260527495,0.4010729253,0.004720546992,10.31859216,10.31859216,0.05,0.4385401668,4.793689962e-07,-0.0001023229101,-0,-9.587379924e-07,-3.83495197e-06,0.4385401668,8.117829557e-08,-1.732777778e-05,-0,-1.623565911e-07,-6.494263646e-07,0.07426417554,0,0,0,0,0,0
0.28,1,0.1812880051,5.992112453e-05,3.667172821e-05,1.29429629e-05,0.0001421329074,3.259709174e-05,0.009701949114,0,0,0,0,0,0,0.01259316975,0.01035963565,-0.0008009898342,-0.00289122064,-0.03487640656,-0.1917959945,11.93339347,-0,0.1118531193,0.1917959945,0.653399475,-0.4161938823,1.009701949,-0.004888390946,9.589799727,0.4161938823,0.004888390946,10.66428148,10.66428148,0.05,0.4532319627,9.587379924e-07,2.876213977e-06,-0,4.793689962e-07,-4.793689962e-06,0.4532319627,1.738076981e-07,5.214230943e-07,-0,8.690384904e-08,-8.690384904e-07,0.08216551838,0,0,0,0,0,0
0.29,1,0.1935464732,6.159891601e-05,3.81098352e-05,1.29429629e-05,0.0001421329074,3.211772275e-05,0.009703147537,0,0,0,-0.001047197551,0,0,0.01269672559,0.01035148378,-0.000829380254,-0.002993578051,-0.03612658635,-0.1982910422,11.93349043,-0,0.1118668926,0.1982910422,0.6526113979,-0.4311162725,1.009703148,-0.00505394515,9.91455211,0.4311162725,0.00505394515,11.00333373,11.00333373,0.05,0.4676416833,-2.396844981e-06,-0,-0,0.0001051991241,-3.83495197e-06,0.4676416833,-4.639008928e-07,-0,-0,2.036091945e-05,-7.422414285e-07,0.09051039852,0,0,0,0,0,0
0.3,1,0.2061073739,5.992112453e-05,3.73907817e-05,1.342233189e-05,0.0001418932229,3.259709174e-05,0.009703147537,0,0,0,0,0,0,0.01280019848,0.01034304812,-0.0008577479359,-0.003097050947,-0.03739121435,-0.2048624872,11.93349043,-0,0.1118668926,0.2048624872,0.6534757852,-0.4462076986,1.009703148,-0.005221434928,10.24312436,0.4462076986,0.005221434928,11.34802928,11.34802928,0.05,0.4822912443,9.587379924e-07,1.438106989e-06,-9.587379924e-07,9.587379924e-07,-4.793689962e-06,0.4822912443,1.976029698e-07,2.964044547e-07,-1.976029698e-07,1.976029698e-07,-9.880148492e-07,0.09940378181,0,0,0,0,0,0
0.31,1,0.2189583111,6.040049352e-05,3.715109721e-05,1.29429629e-05,0.0001428519609,3.211772275e-05,0.009705065013,0,0,0,0,0,0,0.01290358561,0.0103343289,-0.0008860921022,-0.003198520592,-0.03863307988,-0.211312696,11.93364559,-0,0.1118889298,0.211312696,0.6519474318,-0.4610334833,1.009705065,-0.005385855153,10.5656348,0.4610334833,0.005385855153,11.68400157,11.68400157,0.05,0.4965700668,-0,1.917475985e-06,-0,-9.587379924e-07,-3.83495197e-06,0.4965700668,-0,4.198473032e-07,-0,-2.099236516e-07,-8.396946063e-07,0.1087281432,0,0,0,0,0,0
0.32,1,0.2320866025,6.111954702e-05,3.667172821e-05,1.31826474e-05,0.0001428519609,3.235740724e-05,0.009706023751,0,0,0,0,0,0,0.01300688412,0.01032532636,-0.0009144119759,-0.003300860367,-0.03988647916,-0.2178238464,11.93372318,-0,0.1118999485,0.2178238464,0.651759578,-0.475994201,1.009706024,-0.005551819345,10.89119232,0.475994201,0.005551819345,12.02449792,12.02449792,0.05,0.5110411616,-1.438106989e-06,2.876213977e-06,-4.793689962e-07,-9.587379924e-07,-4.314320966e-06,0.5110411616,-3.33765365e-07,6.675307301e-07,-1.112551217e-07,-2.225102434e-07,-1.001296095e-06,0.1186058069,0,0,0,0,0,0
0.33,1,0.2454792921,6.064017802e-05,3.667172821e-05,1.342233189e-05,0.0001421329074,3.211772275e-05,0.009706263435,0,0,0,0,0,0,0.01311009119,0.01031604074,-0.0009427067804,-0.003403827753,-0.0411485248,-0.2243806978,11.93374258,-0,0.1119027031,0.2243806978,0.6525494353,-0.4910559025,1.009706263,-0.005718940834,11.21903489,0.4910559025,0.005718940834,12.36835917,12.36835917,0.05,0.5256552647,-4.793689962e-07,2.876213977e-06,-9.587379924e-07,4.793689962e-07,-3.83495197e-06,0.5256552647,-1.176751619e-07,7.060509711e-07,-2.353503237e-07,1.176751619e-07,-9.414012949e-07,0.1290374823,0,0,0,0,0,0
0.34,1,0.2591231629,6.016080902e-05,3.691141271e-05,1.342233189e-05,0.0001433313299,3.235740724e-05,0.009708899965,0,0,0,0,0,0,0.01321320399,0.01030647231,-0.0009709757402,-0.003504304025,-0.04238200482,-0.2307851371,11.93395601,-0,0.1119330043,0.2307851371,0.6503821242,-0.505784981,1.0097089,-0.005882205779,11.53925686,0.505784981,0.005882205779,12.70130617,12.70130617,0.05,0.5398055121,4.793689962e-07,2.396844981e-06,-9.587379924e-07,-1.917475985e-06,-4.314320966e-06,0.5398055121,1.242156105e-07,6.210780526e-07,-2.48431221e-07,-4.968624421e-07,-1.117940495e-06,0.1398761117,0,0,0,0,0,0
0.35,1,0.2730047501,6.040049352e-05,3.73907817e-05,1.22239094e-05,0.0001423725919,3.187803825e-05,0.009710817441,0,0,0,0,0,0,0.01331621969,0.01029662131,-0.0009992180802,-0.003605402252,-0.04362407601,-0.237234905,11.93411127,-0,0.1119550414,0.237234905,0.6493774675,-0.520614577,1.009710817,-0.006046619148,11.86174525,0.520614577,0.006046619148,13.03778391,13.03778391,0.05,0.5541058162,-0,1.438106989e-06,1.438106989e-06,-0,-3.355582973e-06,0.5541058162,-0,3.926100391e-07,3.926100391e-07,-0,-9.160900912e-07,0.1512735199,0,0,0,0,0,0
0.36,1,0.2871103542,5.944175553e-05,3.73907817e-05,1.414138539e-05,0.0001418932229,3.283677624e-05,0.0097160905,0,0,0,0,0,0,0.01341913547,0.01028648804,-0.001027433026,-0.003703044975,-0.04482608282,-0.2434705867,11.93453839,-0,0.1120156433,0.2434705867,0.6444085481,-0.5349786065,1.00971609,-0.006205618386,12.17352934,0.5349786065,0.006205618386,13.35912211,13.35912211,0.05,0.5677626896,1.917475985e-06,1.438106989e-06,-2.396844981e-06,9.587379924e-07,-5.273058958e-06,0.5677626896,5.505272092e-07,4.128954069e-07,-6.881590115e-07,2.752636046e-07,-1.513949825e-06,0.1630105469,0,0,0,0,0,0
0.37,1,0.3014260547,6.040049352e-05,3.667172821e-05,1.342233189e-05,0.0001435710144,3.235740724e-05,0.009718487345,0,-0.001047197551,0,0,0,0,0.01352194851,0.01027607275,-0.001055619805,-0.003803461169,-0.04606236954,-0.249888543,11.93473263,-0,0.1120431895,0.249888543,0.6439573911,-0.5497420646,1.009718487,-0.00636923055,12.49442715,0.5497420646,0.00636923055,13.69449584,13.69449584,0.05,0.582016073,-0,0.0001075959691,-9.587379924e-07,-2.396844981e-06,-4.314320966e-06,0.582016073,-0,3.243222846e-05,-2.889886105e-07,-7.224715263e-07,-1.300448747e-06,0.1754348086,0,0,0,0,0,0
0.38,1,0.3159377237,6.111954702e-05,3.691141271e-05,1.366201639e-05,0.0001426122764,3.211772275e-05,0.009724479457,0,0,0,0,0,0,0.01362465599,0.01026537574,-0.001083777643,-0.003900176534,-0.04725567308,-0.2560765092,11.93521842,-0,0.1121120548,0.2560765092,0.6392915974,-0.5640067801,1.009724479,-0.006527028669,12.80382546,0.5640067801,0.006527028669,14.01365087,14.01365087,0.05,0.5955801619,-1.438106989e-06,2.396844981e-06,-1.438106989e-06,-4.793689962e-07,-3.83495197e-06,0.5955801619,-4.543522484e-07,7.572537473e-07,-4.543522484e-07,-1.514507495e-07,-1.211605996e-06,0.1881662406,0,0,0,0,0,0
0.39,1,0.3306310399,6.159891601e-05,3.691141271e-05,1.342233189e-05,0.0001423725919,3.235740724e-05,0.009734306522,0,0,0,0,0,0.001047197551,0.01372725509,0.01025439729,-0.001111905768,-0.003992948569,-0.04840309926,-0.2609713883,11.93601583,-0,0.112224993,0.2620185858,0.6308551592,-0.5777401587,1.010781778,-0.006665729915,13.04856941,0.5777401587,0.006665729915,14.26383046,14.26383046,0.05,0.6062127946,-2.396844981e-06,2.396844981e-06,-9.587379924e-07,-0,-4.314320966e-06,0.6062127946,-7.924713485e-07,7.924713485e-07,-3.169885394e-07,-0,-1.426448427e-06,0.2004327667,0,0,0,0,0,0
0.4,1,0.3454915028,6.135923152e-05,3.76304662e-05,1.27032784e-05,0.0001428519609,3.163835375e-05,0.0097470098,0,0,0,0,0,0.001047197551,0.013829743,0.01024313772,-0.00114000341,-0.004082733199,-0.04951605523,-0.2667281315,11.93704788,-0,0.1123709847,0.267775329,0.6206542741,-0.5910755221,1.010794482,-0.006812939865,13.33640657,0.5910755221,0.006812939865,14.55494931,14.55494931,0.05,0.6185853456,-1.917475985e-06,9.587379924e-07,4.793689962e-07,-9.587379924e-07,-2.876213977e-06,0.6185853456,-6.624716596e-07,3.312358298e-07,1.656179149e-07,-3.312358298e-07,-9.937074894e-07,0.2137159807,0,0,0,0,0,0
0.41,1,0.360504447,6.087986252e-05,3.715109721e-05,1.366201639e-05,0.0001426122764,3.283677624e-05,0.009766663929,0,0,0,0,0,0.002094395102,0.01393211691,0.01023159733,-0.001168069799,-0.00416545298,-0.05054585877,-0.2709916123,11.93864746,-0,0.1125968551,0.2730860074,0.6041350883,-0.6034491886,1.011862156,-0.006936470828,13.54958062,0.6034491886,0.006936470828,14.76410136,14.76410136,0.05,0.627474308,-9.587379924e-07,1.917475985e-06,-1.438106989e-06,-4.793689962e-07,-5.273058958e-06,0.627474308,-3.456293098e-07,6.912586195e-07,-5.184439646e-07,-1.728146549e-07,-1.900961204e-06,0.2262072784,0,0,0,0,0,0
0.42,1,0.3756550564,6.040049352e-05,3.715109721e-05,1.24635939e-05,0.0001426122764,3.211772275e-05,0.009796624491,0,0,0,0,0,0.003141592654,0.01403437401,0.01021977643,-0.001196104164,-0.00423774952,-0.05145237912,-0.2745936162,11.94109245,-0,0.1129411614,0.2777352089,0.5784209541,-0.6143976156,1.012940685,-0.007043661469,13.72968081,0.6143976156,0.007043661469,14.92954304,14.92954304,0.05,0.6345055793,-0,1.917475985e-06,9.587379924e-07,-4.793689962e-07,-3.83495197e-06,0.6345055793,-0,7.203095493e-07,3.601547746e-07,-1.800773873e-07,-1.440619099e-06,0.2383552292,0,0,0,0,0,0
0.43,1,0.3909283793,6.040049352e-05,3.667172821e-05,1.390170089e-05,0.0001423725919,3.235740724e-05,0.009825866,0,0,0,0,0,0.002094395102,0.0141365115,0.01020767536,-0.001224105738,-0.004310645503,-0.05236719952,-0.280332164,11.94348643,-0,0.1132771946,0.2824265591,0.5586210255,-0.6254469369,1.011921358,-0.007176397111,14.0166082,0.6254469369,0.007176397111,15.20785256,15.20785256,0.05,0.6463337337,-0,2.876213977e-06,-1.917475985e-06,-0,-4.314320966e-06,0.6463337337,-0,1.124393669e-06,-7.495957791e-07,-0,-1.686590503e-06,0.252670199,0,0,0,0,0,0
0.44,1,0.4063093427,6.135923152e-05,3.81098352e-05,1.31826474e-05,0.0001430916454,3.187803825e-05,0.009855107509,0,0,0,0.001047197551,0,0.003141592654,0.01423852659,0.01019529443,-0.001252073751,-0.004383419077,-0.05328170649,-0.2839723859,11.94588801,-0,0.1136132182,0.2871139785,0.5419024863,-0.6364972987,1.012999168,-0.007285079507,14.19861929,0.6364972987,0.007285079507,15.38430416,15.38430416,0.05,0.6538329267,-1.917475985e-06,-0,-4.793689962e-07,-0.0001061578621,-3.355582973e-06,0.6538329267,-7.790884071e-07,-0,-1.947721018e-07,-4.313293118e-05,-1.363404712e-06,0.2656584267,0,0,0,0,0,0
0.45,1,0.4217827675,6.064017802e-05,3.76304662e-05,1.31826474e-05,0.0001433313299,3.259709174e-05,0.009896093558,0,0,0,0,0,0.003141592654,0.01434041646,0.010182634,-0.001280007439,-0.004444322902,-0.05405553795,-0.2879039024,11.94926695,-0,0.1140841858,0.2910454951,0.5145411092,-0.645924053,1.013040154,-0.007386537037,14.39519512,0.645924053,0.007386537037,15.56304682,15.56304682,0.05,0.6614294899,-4.793689962e-07,9.587379924e-07,-4.793689962e-07,-1.917475985e-06,-4.793689962e-06,0.6614294899,-2.021895819e-07,4.043791637e-07,-2.021895819e-07,-8.087583275e-07,-2.021895819e-06,0.2789795608,0,0,0,0,0,0
0.46,1,0.4373333832,6.016080902e-05,3.715109721e-05,1.366201639e-05,0.0001435710144,3.235740724e-05,0.009940195505,0,0,0,0,0,0.004188790205,0.01444217833,0.0101696944,-0.001307906035,-0.004501982829,-0.05479168571,-0.2905835383,11.95291945,-0,0.1145909367,0.2947723285,0.4884528761,-0.6549206057,1.014133372,-0.007471385839,14.52917691,0.6549206057,0.007471385839,15.68002178,15.68002178,0.05,0.6664009257,4.793689962e-07,1.917475985e-06,-1.438106989e-06,-2.396844981e-06,-4.314320966e-06,0.6664009257,2.096440649e-07,8.385762597e-07,-6.289321948e-07,-1.048220325e-06,-1.886796584e-06,0.2914393714,0,0,0,0,0,0
0.47,1,0.4529458433,6.040049352e-05,3.81098352e-05,1.342233189e-05,0.0001428519609,3.163835375e-05,0.009986694298,0,0,0,0,0,0.005235987756,0.01454380942,0.01015647599,-0.001335768774,-0.004557115121,-0.05549868329,-0.2931040754,11.9567892,-0,0.1151252045,0.2983400632,0.4643262641,-0.663586057,1.015229536,-0.007552493393,14.65520377,0.663586057,0.007552493393,15.79066859,15.79066859,0.05,0.6711034149,-0,-0,-9.587379924e-07,-9.587379924e-07,-2.876213977e-06,0.6711034149,-0,-0,-4.342563885e-07,-4.342563885e-07,-1.302769166e-06,0.3039735022,0,0,0,0,0,0
0.48,1,0.4686047402,6.040049352e-05,3.76304662e-05,1.342233189e-05,0.0001435710144,3.283677624e-05,0.01004877258,0,0,0,0,0.001047197551,0.005235987756,0.01464530693,0.01014297914,-0.001363594892,-0.004596534343,-0.05601878931,-0.2956670995,11.96198555,-0,0.1158384409,0.3009030872,0.4259243113,-0.670095948,1.015291614,-0.007619467269,14.78335497,0.670095948,0.007619467269,15.8869947,15.8869947,0.05,0.6751972747,-0,9.587379924e-07,-9.587379924e-07,-2.396844981e-06,-0.0001099928141,0.6751972747,-0,4.492691679e-07,-4.492691679e-07,-1.12317292e-06,-5.154315407e-05,0.3164006435,0,0,0,0,0,0
0.49,1,0.4842946205,6.064017802e-05,3.667172821e-05,1.29429629e-05,0.0001426122764,3.211772275e-05,0.01012954626,0,0,0,0,0,0.009424777961,0.01474666807,0.01012920422,-0.001391383626,-0.004617121816,-0.05631443596,-0.2928351482,11.96879827,-0,0.116766408,0.3022599261,0.3721164777,-0.6740161239,1.019576531,-0.007610319177,14.64175741,0.6740161239,0.007610319177,15.69550033,15.69550033,0.05,0.667058764,-4.793689962e-07,2.876213977e-06,-0,-4.793689962e-07,-3.83495197e-06,0.667058764,-2.321558261e-07,1.392934956e-06,-0,-2.321558261e-07,-1.857246609e-06,0.3230529709,0,0,0,0,0,0
0.5,1,0.5,6.087986252e-05,3.691141271e-05,1.27032784e-05,0.0001428519609,3.259709174e-05,0.01024147892,0,0,0,0,0,0.01151917306,0.01484789009,0.0101151516,-0.001419134215,-0.004606411166,-0.05623592003,-0.2900900749,11.97833541,-0,0.1180522194,0.301609248,0.2916654008,-0.6736127125,1.021793825,-0.007571805095,14.50450375,0.6736127125,0.007571805095,15.47735366,15.47735366,0.05,0.6577875307,-9.587379924e-07,2.396844981e-06,4.793689962e-07,-9.587379924e-07,-4.793689962e-06,0.6577875307,-4.793689962e-07,1.198422491e-06,2.396844981e-07,-4.793689962e-07,-2.396844981e-06,0.3288937654,0,0,0,0,0,0
0.51,1,0.5157053795,6.064017802e-05,3.643204371e-05,1.342233189e-05,0.0001418932229,3.259709174e-05,0.01036755297,0,0,0,0,0,0.01361356817,0.01494897018,0.01010082167,-0.001446845897,-0.004581417217,-0.05598634644,-0.2864275771,11.98921179,-0,0.1195003021,0.3000411453,0.2095714099,-0.6712321647,1.024027453,-0.00750892969,14.32137886,0.6712321647,0.00750892969,15.20969136,15.20969136,0.05,0.6464118828,-4.793689962e-07,3.355582973e-06,-9.587379924e-07,9.587379924e-07,-4.793689962e-06,0.6464118828,-2.472131701e-07,1.730492191e-06,-4.944263403e-07,4.944263403e-07,-2.472131701e-06,0.3333580854,0,0,0,0,0,0
0.52,1,0.5313952598,6.064017802e-05,3.78701507e-05,1.342233189e-05,0.0001423725919,3.259709174e-05,0.01050848745,0,0,0,0,0,0.01361356817,0.0150499056,0.01008621481,-0.001474517914,-0.004541418145,-0.05555657587,-0.2838950858,12.00153904,-0,0.121118848,0.297508654,0.1248642923,-0.6667644144,1.024168388,-0.007444587129,14.19475429,0.6667644144,0.007444587129,14.99382758,14.99382758,0.05,0.6372376723,-4.793689962e-07,4.793689962e-07,-9.587379924e-07,-0,-4.793689962e-06,0.6372376723,-2.547344123e-07,2.547344123e-07,-5.094688245e-07,-0,-2.547344123e-06,0.3386250784,0,0,0,0,0,0
0.53,1,0.5470541567,6.183860051e-05,3.78701507e-05,1.29429629e-05,0.0001426122764,3.235740724e-05,0.01064774414,0,0,0,0,0,0.01361356817,0.01515069356,0.01007133144,-0.001502149506,-0.004502949413,-0.05514470393,-0.2814592025,12.01389513,-0,0.1227178909,0.2950727706,0.05706697931,-0.6625026898,1.024307645,-0.007382718161,14.07296012,0.6625026898,0.007382718161,14.79991251,14.79991251,0.05,0.6289962817,-2.876213977e-06,4.793689962e-07,-0,-4.793689962e-07,-4.314320966e-06,0.6289962817,-1.573444812e-06,2.62240802e-07,-0,-2.62240802e-07,-2.360167218e-06,0.3440950304,0,0,0,0,0,0
0.54,1,0.5626666168,5.992112453e-05,3.81098352e-05,1.24635939e-05,0.0001426122764,3.259709174e-05,0.01081528361,0,0,0,0,0,0.01884955592,0.0152513313,0.01005617196,-0.001529739916,-0.004436047696,-0.05439038363,-0.271960338,12.02899271,-0,0.1246413831,0.2908098939,-0.03249205415,-0.6542615281,1.029753666,-0.007209618333,13.5980169,0.6542615281,0.007209618333,14.22699599,14.22699599,0.05,0.6046473296,9.587379924e-07,-0,9.587379924e-07,-4.793689962e-07,-4.793689962e-06,0.6046473296,5.394498626e-07,-0,5.394498626e-07,-2.697249313e-07,-2.697249313e-06,0.3402148673,0,0,0,0,0,0
0.55,1,0.5782172325,5.992112453e-05,3.81098352e-05,1.31826474e-05,0.0001421329074,3.163835375e-05,0.01106886981,0,0,0,0,0,0.03036872898,0.01535181608,0.01004073678,-0.001557288387,-0.00428294627,-0.05259622417,-0.2506436826,12.05232814,-0,0.1275521013,0.2810124116,-0.207774549,-0.6339069527,1.041668164,-0.006799164579,12.53218413,0.6339069527,0.006799164579,12.9651157,12.9651157,0.05,0.5510174172,9.587379924e-07,-0,-4.793689962e-07,4.793689962e-07,-2.876213977e-06,0.5510174172,5.543588287e-07,-0,-2.771794143e-07,2.771794143e-07,-1.663076486e-06,0.3186077661,0,0,0,0,0,0
0.56,1,0.5936906573,5.944175553e-05,3.691141271e-05,1.31826474e-05,0.0001423725919,3.259709174e-05,0.01137255007,0,0,0,0,0,0.03141592654,0.01545214512,0.01002502634,-0.001584794164,-0.004079595056,-0.05019040526,-0.23657677,12.081044,-0,0.1310367379,0.2679926965,-0.4081544871,-0.6063524944,1.043035217,-0.006434429559,11.8288385,0.6063524944,0.006434429559,12.03347094,12.03347094,0.05,0.5114225147,1.917475985e-06,2.396844981e-06,-4.793689962e-07,-0,-4.793689962e-06,0.5114225147,1.138387578e-06,1.422984472e-06,-2.845968944e-07,-0,-2.845968944e-06,0.3036267689,0,0,0,0,0,0
0.57,1,0.6090716207,6.087986252e-05,3.691141271e-05,1.27032784e-05,0.0001423725919,3.187803825e-05,0.01172488628,-0.001047197551,0,0,0,0,0.0408407045,0.01555231569,0.01000904105,-0.001612256493,-0.003827429409,-0.04718573762,-0.2110100418,12.11542024,-0,0.1350781831,0.2518507463,-0.6308709065,-0.5716750405,1.052982582,-0.005849052324,10.55050209,0.5716750405,0.005849052324,10.49715528,10.49715528,0.05,0.4461290992,0.0001037610171,2.396844981e-06,4.793689962e-07,-0,-3.355582973e-06,0.4461290992,6.319789087e-05,1.459850257e-06,2.919700514e-07,-0,-2.04379036e-06,0.2717245735,0,0,0,0,0,0
0.58,1,0.6243449436,6.087986252e-05,3.76304662e-05,1.31826474e-05,0.0001421329074,3.235740724e-05,0.01216278986,0,0,0,0,0,0.04398229715,0.01565232503,0.009992781353,-0.001639674622,-0.003489535172,-0.04312799521,-0.1862552776,12.15974404,-0,0.1400988006,0.2302375747,-0.9115108972,-0.5244253826,1.056628698,-0.005198683759,9.31276388,0.5244253826,0.005198683759,8.930877049,8.930877049,0.05,0.3795622746,-9.587379924e-07,9.587379924e-07,-4.793689962e-07,4.793689962e-07,-4.314320966e-06,0.3795622746,-5.985832178e-07,5.985832178e-07,-2.992916089e-07,2.992916089e-07,-2.69362448e-06,0.2369777869,0,0,0,0,0,0
0.59,1,0.639495553,6.135923152e-05,3.76304662e-05,1.31826474e-05,0.0001421329074,3.235740724e-05,0.0126646892,0,0,0,0,0,0.05654866776,0.0157521704,0.009976247703,-0.001667047798,-0.003087481206,-0.03826841717,-0.1480134607,12.21274648,-0,0.1458498599,0.2045621285,-1.21681807,-0.4673624771,1.070012795,-0.0042366166,7.400673037,0.4673624771,0.0042366166,6.655454061,6.655454061,0.05,0.2828567976,-1.917475985e-06,9.587379924e-07,-4.793689962e-07,4.793689962e-07,-4.314320966e-06,0.2828567976,-1.226217365e-06,6.131086827e-07,-3.065543413e-07,3.065543413e-07,-2.758989072e-06,0.1808856642,0,0,0,0,0,0
0.6,1,0.6545084972,6.183860051e-05,3.76304662e-05,1.390170089e-05,0.0001416535384,3.259709174e-05,0.0132722894,0,0,0,0,0,0.06597344573,0.01585184907,0.009959440549,-0.001694375271,-0.002579559672,-0.03208353568,-0.1062344075,12.28009573,-0,0.1528072252,0.1722078532,-1.588486623,-0.3939888893,1.080333859,-0.003099710853,5.311720373,0.3939888893,0.003099710853,4.120322351,4.120322351,0.05,0.1751136999,-2.876213977e-06,9.587379924e-07,-1.917475985e-06,1.438106989e-06,-4.793689962e-06,0.1751136999,-1.882506488e-06,6.275021626e-07,-1.255004325e-06,9.412532439e-07,-3.137510813e-06,0.1146134046,0,0,0,0,0,0
0.61,1,0.6693689601,6.064017802e-05,3.76304662e-05,1.29429629e-05,0.0001418932229,3.235740724e-05,0.01397552372,0,0,0,0,0,0.07749261879,0.0159513583,0.009942360352,-0.001721656292,-0.001975834587,-0.02467418319,-0.05640236673,12.36246518,-0,0.1608526779,0.1338949855,-2.000561553,-0.3050337304,1.092969419,-0.001684431514,2.820118337,0.3050337304,0.001684431514,1.126274945,1.126274945,0.05,0.04786668518,-4.793689962e-07,9.587379924e-07,-0,9.587379924e-07,-4.314320966e-06,0.04786668518,-3.208747265e-07,6.41749453e-07,-0,6.41749453e-07,-2.887872539e-06,0.03689762833,0,0,0,0,1,0
0.62,1,0.6840622763,6.135923152e-05,3.691141271e-05,1.390170089e-05,0.0001426122764,3.235740724e-05,0.01480555113,0,-0.001047197551,0,0,0,0.09110618695,0.01605069537,0.009925007581,-0.001748890113,-0.001245144237,-0.01562487013,0.003335989704,12.46590074,-0,0.1703385923,0.08777019725,-2.480258893,-0.19477808,1.107986822,0.0001023844262,-0.1667994852,0.19477808,-0.0001023844262,-2.452382683,-2.452382683,0.05,-0.104226264,-1.917475985e-06,0.0001071166001,-1.917475985e-06,-4.793689962e-07,-4.314320966e-06,-0.104226264,-1.311672987e-06,7.32744253e-05,-1.311672987e-06,-3.279182468e-07,-2.951264221e-06,-0.06274986374,0,0,0,0,1,0
0.63,1,0.6985739453,6.207828501e-05,3.73907817e-05,1.390170089e-05,0.0001430916454,3.259709174e-05,0.01569645841,0,0,0,0,0,0.08691739675,0.01614985755,0.00990738271,-0.001776075987,-0.0004533991351,-0.005720151569,0.04877874625,12.58457568,-0,0.1805073823,0.0381386505,-2.933723936,-0.07198568029,1.104502514,0.001487661279,-2.438937312,0.07198568029,-0.001487661279,-5.302163229,-5.302163229,0.05,-0.2253419372,-3.355582973e-06,1.438106989e-06,-1.917475985e-06,-1.438106989e-06,-4.793689962e-06,-0.2253419372,-2.344122837e-06,1.004624073e-06,-1.339498764e-06,-1.004624073e-06,-3.348746909e-06,-0.1574180061,0,0,0,0,0,0
0.64,1,0.7128896458,6.159891601e-05,3.73907817e-05,1.31826474e-05,0.0001428519609,3.211772275e-05,0.01661732625,0,0,0,0,0,0.09843656981,0.01624884212,0.009889486223,-0.001803213169,0.0003684841359,0.004675652291,0.1113864291,12.71578044,-0,0.1910033192,-0.01294985927,-3,0.05945456793,1.117476336,0.003477354441,-5.569321454,-0.05945456793,-0.003477354441,-8.632253376,-8.632253376,0.05,-0.3668707685,-2.396844981e-06,1.438106989e-06,-4.793689962e-07,-9.587379924e-07,-3.83495197e-06,-0.3668707685,-1.70868597e-06,1.025211582e-06,-3.417371939e-07,-6.834743878e-07,-2.733897551e-06,-0.255149201,0,1,0,0,1,0
0.65,1,0.7269952499,6.064017802e-05,3.78701507e-05,1.24635939e-05,0.0001423725919,3.211772275e-05,0.01763502663,0,0,0,0,0,0.10262536,0.01634764637,0.009871318611,-0.001830300915,0.001287380265,0.01644285478,0.1721080788,12.87116845,-0,0.2025844084,-0.06948271875,-3,0.2116387537,1.122893378,0.005425231898,-8.605403939,-0.2116387537,-0.005425231898,-11.82246792,-11.82246792,0.05,-0.5024548868,-4.793689962e-07,4.793689962e-07,9.587379924e-07,-0,-3.83495197e-06,-0.5024548868,-3.484989832e-07,3.484989832e-07,6.969979664e-07,-0,-2.787991865e-06,-0.355149201,0,1,0,0,1,0
0.66,1,0.7408768371,5.992112453e-05,3.83495197e-05,1.29429629e-05,0.0001416535384,3.211772275e-05,0.01872990542,0,0,0,0,0,0.1151917306,0.01644626759,0.009852880372,-0.001857338483,0.002283637832,0.02938154378,0.2451914786,13.05091269,-0,0.2150207805,-0.129999748,-3,0.3834559626,1.13723892,0.007927729251,-12.25957393,-0.3834559626,-0.007927729251,-15.65095762,-15.65095762,0.05,-0.665165699,9.587379924e-07,-4.793689962e-07,-0,1.438106989e-06,-3.83495197e-06,-0.665165699,7.103067714e-07,-3.551533857e-07,-0,1.065460157e-06,-2.841227086e-06,-0.455149201,0,1,0,0,1,0
0.67,1,0.7545207079,6.087986252e-05,3.667172821e-05,1.29429629e-05,0.0001423725919,3.211772275e-05,0.01988158943,0,0,0,-0.001047197551,0,0.1151917306,0.01654470307,0.009834172011,-0.00188432513,0.003336886359,0.04327795436,0.3082036629,13.25456348,-0,0.2280751831,-0.1930119323,-3,0.5736303934,1.138390604,0.009985283723,-15.41018315,-0.5736303934,-0.009985283723,-18.99379882,-18.99379882,0.05,-0.80723645,-9.587379924e-07,2.876213977e-06,-0,0.0001047197551,-3.83495197e-06,-0.80723645,-7.233876687e-07,2.170163006e-06,-0,7.901322376e-05,-2.893550675e-06,-0.555149201,0,1,0,0,1,0
0.68,1,0.7679133975,6.064017802e-05,3.715109721e-05,1.29429629e-05,0.0001423725919,3.235740724e-05,0.02100067636,0,0,0,0,0,0.1068141502,0.01664295013,0.009815194042,-0.001911260118,0.004357726226,0.05697967717,0.3598629489,13.46734335,-0,0.2407318813,-0.2530487987,-3,0.7673648766,1.130667142,0.0115012935,-17.99314745,-0.7673648766,-0.0115012935,-21.77201362,-21.77201362,0.05,-0.9253105787,-4.793689962e-07,1.917475985e-06,-0,-0,-4.314320966e-06,-0.9253105787,-3.681138745e-07,1.472455498e-06,-0,-0,-3.313024871e-06,-0.655149201,0,1,0,0,1,0
0.69,1,0.7810416889,6.087986252e-05,3.691141271e-05,1.342233189e-05,0.0001430916454,3.235740724e-05,0.0220157402,0,0,0,0,-0.001047197551,0.09948376736,0.01674100606,0.009795946984,-0.001938142708,0.005274734146,0.06950552812,0.405519687,13.67355967,-0,0.2521868101,-0.3060359196,-3,0.9503879861,1.123973763,0.01280749805,-20.27598435,-0.9503879861,-0.01280749805,-24.23917983,-24.23917983,0.05,-1.030165143,-9.587379924e-07,2.396844981e-06,-9.587379924e-07,-1.438106989e-06,0.0001004054342,-1.030165143,-7.488143408e-07,1.872035852e-06,-7.488143408e-07,-1.123221511e-06,7.842082987e-05,-0.755149201,0,1,0,0,1,0
0.7,1,0.7938926261,6.064017802e-05,3.73907817e-05,1.24635939e-05,0.0001423725919,3.283677624e-05,0.02295817965,0,0,0,0,0,0.09110618695,0.01683886817,0.009776431365,-0.001964972162,0.006119311477,0.08123996702,0.4450975982,13.87672505,-0,0.2627996726,-0.3539914112,-3,1.127344686,1.116139451,0.01386220054,-22.25487991,-1.127344686,-0.01386220054,-26.39608679,-26.39608679,0.05,-1.121833689,-4.793689962e-07,1.438106989e-06,9.587379924e-07,-0,-5.273058958e-06,-1.121833689,-3.805675113e-07,1.141702534e-06,7.611350226e-07,-0,-4.186242624e-06,-0.855149201,0,1,0,0,1,0
0.71,1,0.8064535268,6.064017802e-05,3.667172821e-05,1.27032784e-05,0.0001421329074,3.259709174e-05,0.02381433268,0,0,0,0,0,0.0837758041,0.01693653379,0.00975664772,-0.001991747746,0.006877798886,0.09195739203,0.4800988462,14.0714276,-0,0.2724213408,-0.3963230421,-3,1.293971784,1.109344733,0.01477078996,-24.00494231,-1.293971784,-0.01477078996,-28.31368488,-28,0.05,-1.19,-4.793689962e-07,2.876213977e-06,4.793689962e-07,4.793689962e-07,-4.793689962e-06,-1.19,-3.865888176e-07,2.319532906e-06,3.865888176e-07,3.865888176e-07,-3.865888176e-06,-0.955149201,0,1,1,0,1,0
0.72,1,0.8187119949,6.159891601e-05,3.667172821e-05,1.366201639e-05,0.0001416535384,3.259709174e-05,0.02454872598,0,0,0,0,0,0.06702064328,0.01703400024,0.009736596592,-0.002018468725,0.007514725744,0.1011104329,0.4983177916,14.24640067,-0,0.2806593403,-0.4312971484,-3,1.440459739,1.092692311,0.01487449315,-24.91588958,-1.440459739,-0.01487449315,-29.37122381,-28,0.05,-1.19,-2.396844981e-06,2.876213977e-06,-1.438106989e-06,1.438106989e-06,-4.793689962e-06,-1.19,-1.962325736e-06,2.354790883e-06,-1.177395442e-06,1.177395442e-06,-3.924651472e-06,-0.9742672739,0,1,1,0,0,0
0.73,1,0.8306559327,6.231796951e-05,3.691141271e-05,1.27032784e-05,0.0001418932229,3.187803825e-05,0.02513307679,0,0,0,0,0,0.04607669225,0.01713126483,0.00971627853,-0.002045134367,0.008001811952,0.1082337792,0.5037361469,14.3910394,-0,0.2872038768,-0.4576594546,-3,1.557596582,1.071740534,0.01446513322,-25.18680734,-1.557596582,-0.01446513322,-29.75886906,-28,0.05,-1.19,-3.83495197e-06,2.396844981e-06,4.793689962e-07,9.587379924e-07,-3.355582973e-06,-1.19,-3.185525605e-06,1.990953503e-06,3.981907006e-07,7.963814013e-07,-2.787334904e-06,-0.9884805599,0,1,1,0,0,0
0.74,1,0.842273553,6.111954702e-05,3.83495197e-05,1.390170089e-05,0.0001426122764,3.235740724e-05,0.02549116543,0,0,0,0,0,0.01989675347,0.01722832492,0.009695694091,-0.00207174394,0.008262840508,0.1121608978,0.4914992634,14.48210213,-0,0.2912097158,-0.47160251,-3,1.624325577,1.045486889,0.01343074371,-24.57496317,-1.624325577,-0.01343074371,-29.21271949,-28,0.05,-1.19,-1.438106989e-06,-4.793689962e-07,-1.917475985e-06,-4.793689962e-07,-4.314320966e-06,-1.19,-1.211279483e-06,-4.037598276e-07,-1.61503931e-06,-4.037598276e-07,-3.633838449e-06,-1.002305528,0,1,1,0,0,0
0.75,1,0.8535533906,5.992112453e-05,3.78701507e-05,1.342233189e-05,0.0001421329074,3.235740724e-05,0.02556163267,0,0,0,0,0,-0.002094395102,0.01732517783,0.00967484384,-0.002098296716,0.008236454839,0.1119408604,0.46798573,14.50024263,-0,0.2919975936,-0.4700801252,-2.965825694,1.623169637,1.027657124,0.01235574948,-23.3992865,-1.623169637,-0.01235574948,-28.00063758,-28,0.05,-1.19,9.587379924e-07,4.793689962e-07,-9.587379924e-07,4.793689962e-07,-4.314320966e-06,-1.19,8.183340641e-07,4.091670321e-07,-8.183340641e-07,4.091670321e-07,-3.682503289e-06,-1.015728535,0,0,1,0,0,0
0.76,1,0.8644843137,6.087986252e-05,3.715109721e-05,1.29429629e-05,0.0001416535384,3.163835375e-05,0.02550147186,0,0,0,0,0,-0.01047197551,0.01742182091,0.009653728349,-0.002124791965,0.008079650948,0.109829032,0.4510802081,14.48475078,-0,0.2913249583,-0.4615521836,-2.265756186,1.590846157,1.036000863,0.01210358474,-22.55401041,-1.590846157,-0.01210358474,-26.42271633,-26.42271633,0.05,-1.122965444,-9.587379924e-07,1.917475985e-06,-0,1.438106989e-06,-2.876213977e-06,-1.122965444,-8.288139554e-07,1.657627911e-06,-0,1.243220933e-06,-2.486441866e-06,-0.9707860114,0,0,0,0,0,0
0.77,1,0.8750555348,6.087986252e-05,3.715109721e-05,1.390170089e-05,0.0001414138539,3.235740724e-05,0.02532051006,0,0,0,0,0,-0.02303834613,0.01751825152,0.009632348195,-0.002151228963,0.007802258549,0.105973367,0.4234456482,14.43847134,-0,0.2893010847,-0.4464839944,-1.573603981,1.530093422,1.048491548,0.01163771052,-21.17228241,-1.530093422,-0.01163771052,-24.28761753,-24.28761753,0.05,-1.032223745,-9.587379924e-07,1.917475985e-06,-1.917475985e-06,1.917475985e-06,-4.314320966e-06,-1.032223745,-8.389489867e-07,1.677897973e-06,-1.677897973e-06,1.677897973e-06,-3.77527044e-06,-0.9032531011,0,0,0,0,0,0
0.78,1,0.8852566214,6.111954702e-05,3.715109721e-05,1.27032784e-05,0.0001418932229,3.187803825e-05,0.02502402034,0,0,0,0,0,-0.03769911184,0.017614467,0.009610703966,-0.002177606983,0.007409553345,0.1004662643,0.387347997,14.36367523,-0,0.2859831886,-0.4250471088,-0.8915412853,1.443064792,1.063078438,0.01094389562,-19.36739985,-1.443064792,-0.01094389562,-21.71294982,-21.71294982,0.05,-0.9228003674,-1.438106989e-06,1.917475985e-06,4.793689962e-07,9.587379924e-07,-3.355582973e-06,-0.9228003674,-1.273093734e-06,1.697458312e-06,4.24364578e-07,8.48729156e-07,-2.970552046e-06,-0.8202339312,0,0,0,0,1,0
0.79,1,0.8950775062,6.040049352e-05,3.73907817e-05,1.29429629e-05,0.0001421329074,3.235740724e-05,0.02456118957,0,0,0,0,0,-0.05235987756,0.01771046472,0.009588796255,-0.002203925303,0.006850724858,0.09260884755,0.341916444,14.24943506,-0,0.2807990252,-0.3942763215,-0.162678841,1.319623759,1.077606456,0.009926139313,-17.0958222,-1.319623759,-0.009926139313,-18.58805094,-18.58805094,0.05,-0.7899921649,-0,1.438106989e-06,-0,4.793689962e-07,-4.314320966e-06,-0.7899921649,-0,1.287217217e-06,-0,4.290724057e-07,-3.861651651e-06,-0.7202339312,0,0,0,0,1,0
0.8,1,0.9045084972,6.087986252e-05,3.78701507e-05,1.29429629e-05,0.0001418932229,3.187803825e-05,0.02392003354,0,0,0,0,0,-0.07644542124,0.01780624204,0.009566625662,-0.002230183201,0.006113791497,0.08228753771,0.276731315,14.09615245,-0,0.2736079132,-0.3531767362,0.6233147533,1.159937676,1.10182643,0.008398944034,-13.83656575,-1.159937676,-0.008398944034,-14.38158762,-14.38158762,0.05,-0.6112174737,-9.587379924e-07,4.793689962e-07,-0,9.587379924e-07,-3.355582973e-06,-0.6112174737,-8.671866607e-07,4.335933304e-07,-0,8.671866607e-07,-3.035153313e-06,-0.6202339312,0,0,0,0,1,0
0.81,1,0.9135402871,6.064017802e-05,3.76304662e-05,1.31826474e-05,0.0001421329074,3.211772275e-05,0.02308329496,0,0,0,0,0,-0.09634217471,0.01790179636,0.009544192794,-0.002256379958,0.005181498604,0.06934032346,0.203979918,13.90456738,-0,0.2642069264,-0.3003220927,1.479639155,0.9641471993,1.121745923,0.006416769236,-10.1989959,-0.9641471993,-0.006416769236,-9.689920712,-9.689920712,0.05,-0.4118216303,-4.793689962e-07,9.587379924e-07,-4.793689962e-07,4.793689962e-07,-3.83495197e-06,-0.4118216303,-4.379228904e-07,8.758457809e-07,-4.379228904e-07,4.379228904e-07,-3.503383124e-06,-0.5202339312,0,0,0,0,1,0
0.82,1,0.9221639628,6.016080902e-05,3.81098352e-05,1.24635939e-05,0.0001416535384,3.211772275e-05,0.02201813705,0,0,0,0,0,-0.1204277184,0.01799712503,0.009521498269,-0.002282514855,0.004021012021,0.05342204766,0.112792089,13.67406189,-0,0.2522138289,-0.2332198073,2.440557303,0.7304963857,1.146071564,0.003703753911,-5.639604448,-0.7304963857,-0.003703753911,-3.933247285,-3.933247285,0.05,-0.1671630096,4.793689962e-07,-0,9.587379924e-07,1.438106989e-06,-3.83495197e-06,-0.1671630096,4.420568132e-07,-0,8.841136263e-07,1.32617044e-06,-3.536454505e-06,-0.4202339312,0,0,0,0,1,0
0.83,1,0.9303710135,6.064017802e-05,3.643204371e-05,1.27032784e-05,0.0001414138539,3.211772275e-05,0.02068644998,0,0,0,0,0,-0.142418867,0.01809222545,0.009498542706,-0.002308587176,0.002594224528,0.0341630434,0.006405675106,13.40607991,-0,0.2371809241,-0.1488245421,3,0.4579924899,1.1681761,0.0002185352755,-0.3202837553,-0.4579924899,-0.0002185352755,2.22150522,2.22150522,0.05,0.09441397183,-4.793689962e-07,3.355582973e-06,4.793689962e-07,1.917475985e-06,-3.83495197e-06,0.09441397183,-4.459910188e-07,3.121937132e-06,4.459910188e-07,1.783964075e-06,-3.567928151e-06,-0.3202339312,0,1,0,0,1,0
0.84,1,0.93815334,6.087986252e-05,3.691141271e-05,1.29429629e-05,0.0001423725919,3.211772275e-05,0.01916181689,0,0,0,0,0,-0.1602212253,0.01818709501,0.009475326736,-0.002334596206,0.0009747218712,0.01271225896,-0.1095291959,13.12550447,-0,0.219919873,-0.05069202938,3,0.1668548119,1.185800752,-0.003850289202,5.476459797,-0.1668548119,0.003850289202,8.313455275,8.313455275,0.05,0.3533218492,-9.587379924e-07,2.396844981e-06,-0,-0,-3.83495197e-06,0.3533218492,-8.994432498e-07,2.248608125e-06,-0,-0,-3.597772999e-06,-0.2202339312,0,1,0,0,1,0
0.85,1,0.9455032621,6.135923152e-05,3.73907817e-05,1.22239094e-05,0.0001423725919,3.187803825e-05,0.01750032394,0,0,0,0,0,-0.174881991,0.01828173112,0.009451850995,-0.002360541231,-0.0007814071745,-0.01008975706,-0.2331085874,12.84996335,-0,0.2010526927,0.0582265964,3,-0.1296530084,1.200028243,-0.00839230417,11.65542937,0.1296530084,0.00839230417,14.79347468,14.79347468,0.05,0.6287226741,-1.917475985e-06,1.438106989e-06,1.438106989e-06,-0,-3.355582973e-06,0.6287226741,-1.812979799e-06,1.359734849e-06,1.359734849e-06,-0,-3.172714648e-06,-0.1202339312,0,1,0,0,1,0
0.86,1,0.9524135262,6.040049352e-05,3.73907817e-05,1.29429629e-05,0.0001414138539,3.259709174e-05,0.0156518771,0,0,0,0,0,-0.1926843494,0.01837613117,0.009428116127,-0.002386421541,-0.002724254075,-0.03481140768,-0.3740097341,12.57844585,-0,0.1799988611,0.1813253847,3,-0.4378734064,1.217618041,-0.01386261183,18.70048671,0.4378734064,0.01386261183,22.15222272,22.15222272,0.05,0.9414694658,-0,1.438106989e-06,-0,1.917475985e-06,-4.793689962e-06,0.9414694658,-0,1.369672548e-06,-0,1.826230064e-06,-4.565575161e-06,-0.0202339312,0,1,0,0,1,0
0.87,1,0.9588773128,6.040049352e-05,3.73907817e-05,1.27032784e-05,0.0001423725919,3.235740724e-05,0.01365890049,0,0,0,0,0,-0.2000147323,0.01847029258,0.009404122782,-0.002412236426,-0.004811392087,-0.06084465977,-0.5160193036,12.32478746,-0,0.1572312536,0.3160045713,3,-0.7498974995,1.223675106,-0.01931693449,25.80096518,0.7498974995,0.01931693449,29.57017961,28,0.05,1.19,-0,1.438106989e-06,4.793689962e-07,-0,-4.314320966e-06,1.19,-0,1.378968165e-06,4.596560549e-07,-0,-4.136904495e-06,0.0797660688,0,1,1,0,1,0
0.88,1,0.9648882429,6.040049352e-05,3.715109721e-05,1.31826474e-05,0.0001428519609,3.235740724e-05,0.01159857255,0,0,0,0,0,-0.2083923127,0.01856421277,0.009379871619,-0.002437985179,-0.006965640219,-0.08722474387,-0.6653123238,12.10296487,-0,0.1336294998,0.4569200111,3,-1.055678011,1.230847724,-0.0251984734,33.26561619,1.055678011,0.0251984734,37.34649267,28,0.05,1.19,-0,1.917475985e-06,-4.793689962e-07,-9.587379924e-07,-4.314320966e-06,1.19,-0,1.850150034e-06,-4.625375085e-07,-9.25075017e-07,-4.162837576e-06,0.1797660688,0,1,1,0,1,0
0.89,1,0.9704403845,5.992112453e-05,3.73907817e-05,1.31826474e-05,0.0001421329074,3.211772275e-05,0.009466339253,0,0,0,0,0,-0.2104867078,0.01865788916,0.009355363302,-0.002463667092,-0.009191549903,-0.114043646,-0.8141746887,11.91457818,-0,0.109144979,0.6036879809,3,-1.358781936,1.231029211,-0.03084567809,40.70873443,1.358781936,0.03084567809,45.09836205,28,0.05,1.19,9.587379924e-07,1.438106989e-06,-4.793689962e-07,4.793689962e-07,-3.83495197e-06,1.19,9.30398066e-07,1.395597099e-06,-4.65199033e-07,4.65199033e-07,-3.721592264e-06,0.2797660688,0,1,1,0,1,0
0.9,1,0.9755282581,6.087986252e-05,3.78701507e-05,1.24635939e-05,0.0001423725919,3.211772275e-05,0.007419913008,0,0,0,0,0,-0.1979203372,0.01875131918,0.009330598502,-0.002489281464,-0.01133140617,-0.1394923485,-0.9429657769,11.77154037,-0,0.08559926533,0.7450454397,3,-1.642039812,1.215133365,-0.03480838162,47.14828885,1.642039812,0.03480838162,51.82513704,28,0.05,1.19,-9.587379924e-07,4.793689962e-07,9.587379924e-07,-0,-3.83495197e-06,1.19,-9.352760038e-07,4.676380019e-07,9.352760038e-07,-0,-3.741104015e-06,0.3797660688,0,1,1,0,1,0
0.91,1,0.9801468428,6.087986252e-05,3.76304662e-05,1.29429629e-05,0.0001416535384,3.235740724e-05,0.005454979492,0,0,0,0,0,-0.1905899543,0.01884450027,0.0093055779,-0.00251482759,-0.01338952078,-0.1637326348,-1.071047408,11.66785725,-0,0.06295746065,0.8804574541,3,-1.91040901,1.205126066,-0.0388878259,53.55237042,1.91040901,0.0388878259,58.50166726,28,0.05,1.19,-9.587379924e-07,9.587379924e-07,-0,1.438106989e-06,-4.314320966e-06,1.19,-9.397040164e-07,9.397040164e-07,-0,1.409556025e-06,-4.228668074e-06,0.4797660688,0,1,1,0,1,0
0.92,1,0.9842915806,6.016080902e-05,3.76304662e-05,1.24635939e-05,0.0001428519609,3.187803825e-05,0.003573695867,0,0,0,0,0,-0.174881991,0.01893742989,0.00928030218,-0.002540304771,-0.01536373402,-0.1868289605,-1.184030752,11.59872813,-0,0.04125670392,1.00914876,3,-2.166978321,1.186101615,-0.04164345795,59.20153758,2.166978321,0.04164345795,64.41015936,28,0.05,1.19,4.793689962e-07,9.587379924e-07,9.587379924e-07,-9.587379924e-07,-3.355582973e-06,1.19,4.71838867e-07,9.436777339e-07,9.436777339e-07,-9.436777339e-07,-3.302872069e-06,0.5797660688,0,1,1,0,1,0
0.93,1,0.987958381,6.016080902e-05,3.78701507e-05,1.29429629e-05,0.0001423725919,3.187803825e-05,0.001906210813,0,0,0,0,0,-0.1581268302,0.01903010547,0.009254772037,-0.002565712308,-0.01712389465,-0.2073491881,-1.280532014,11.56169875,-0,0.02200969326,1.122405184,3,-2.397308849,1.166284065,-0.04354508401,64.02660071,2.397308849,0.04354508401,69.46745464,28,0.05,1.19,4.793689962e-07,4.793689962e-07,-0,-0,-3.355582973e-06,1.19,4.735966174e-07,4.735966174e-07,-0,-0,-3.315176322e-06,0.6797660688,0,1,1,0,1,0
0.94,1,0.9911436254,6.087986252e-05,3.81098352e-05,1.29429629e-05,0.0001430916454,3.259709174e-05,0.0004815261567,0,0,0,0,0,-0.1319468915,0.01912252448,0.009228988169,-0.002591049505,-0.01864099832,-0.2250208794,-1.35055072,11.5479419,-0,0.005560163539,1.218603829,3,-2.598528042,1.136780913,-0.04363193299,67.52753601,2.598528042,0.04363193299,73.16969598,28,0.05,1.19,-9.587379924e-07,-0,-0,-1.438106989e-06,-4.793689962e-06,1.19,-9.502470496e-07,-0,-0,-1.425370574e-06,-4.751235248e-06,0.7797660688,0,1,1,0,1,0
0.95,1,0.9938441703,6.040049352e-05,3.81098352e-05,1.22239094e-05,0.0001426122764,3.211772275e-05,-0.0007221693928,0,0,0,0,0,-0.1047197551,0.01921468439,0.009202951283,-0.002616315667,-0.01993685378,-0.2401303713,-1.404296801,11.5491127,0,-0.008338821237,1.299577046,3,-2.77329272,1.108183481,-0.04311439137,70.21484006,2.77329272,0.04311439137,76.03124717,28,0.05,1.19,-0,-0,1.438106989e-06,-4.793689962e-07,-3.83495197e-06,1.19,-0,-0,1.429254247e-06,-4.764180823e-07,-3.811344658e-06,0.8797660688,0,1,1,0,1,0
0.96,1,0.9960573507,6.016080902e-05,3.73907817e-05,1.29429629e-05,0.0001426122764,3.235740724e-05,-0.00154260943,0,0,0,0,0,-0.06283185307,0.01930658267,0.009176662094,-0.002641510101,-0.0208491921,-0.250816243,-1.418875519,11.55662577,0,-0.01781181266,1.356043666,3,-2.898589457,1.065361423,-0.04026041413,70.94377596,2.898589457,0.04026041413,76.88262583,28,0.05,1.19,4.793689962e-07,1.438106989e-06,-0,-4.793689962e-07,-4.314320966e-06,1.19,4.774790124e-07,1.432437037e-06,-0,-4.774790124e-07,-4.297311111e-06,0.9797660688,0,1,1,0,1,0
0.97,1,0.9977809823,6.111954702e-05,3.73907817e-05,1.24635939e-05,0.0001430916454,3.235740724e-05,-0.001965892253,0,0,0,0,0,-0.02303834613,0.01939821679,0.009150121323,-0.002666632117,-0.02136410905,-0.2569150072,-1.411062252,11.56263386,0,-0.02269870601,1.388023906,3,-2.970614161,1.02513693,-0.03707233497,70.55311262,2.970614161,0.03707233497,76.56079911,28,0.05,1.19,-1.438106989e-06,1.438106989e-06,9.587379924e-07,-1.438106989e-06,-4.314320966e-06,1.19,-1.434915804e-06,1.434915804e-06,9.566105359e-07,-1.434915804e-06,-4.304747411e-06,1.079766069,0,1,1,0,1,0
0.98,1,0.9990133642,6.135923152e-05,3.78701507e-05,1.29429629e-05,0.0001426122764,3.259709174e-05,-0.002034921389,0,0,0,0,0,0.006283185307,0.01948958426,0.009123329696,-0.002691681026,-0.02152450564,-0.2589170047,-1.392322798,11.56375147,0,-0.02349562632,1.398605983,3,-2.994051894,1.008327976,-0.03539024564,69.61613991,2.994051894,0.03539024564,75.64558205,28,0.05,1.19,-1.917475985e-06,4.793689962e-07,-0,-4.793689962e-07,-4.793689962e-06,1.19,-1.915584134e-06,4.788960336e-07,-0,-4.788960336e-07,-4.788960336e-06,1.179766069,0,1,1,0,1,0
0.99,1,0.9997532802,6.111954702e-05,3.76304662e-05,1.31826474e-05,0.0001426122764,3.235740724e-05,-0.001819924394,0,0,0,0,0,0.03665191429,0.01958068255,0.009096287948,-0.002716656141,-0.02140060695,-0.2576329413,-1.355455211,11.56039788,0,-0.02101351645,1.392107125,3,-2.978339308,1.038807679,-0.03656751795,67.77276055,2.978339308,0.03656751795,73.78766738,28,0.05,1.19,-1.438106989e-06,9.587379924e-07,-4.793689962e-07,-4.793689962e-07,-4.314320966e-06,1.19,-1.437752179e-06,9.585014528e-07,-4.792507264e-07,-4.792507264e-07,-4.313256537e-06,1.189706403,0,1,1,0,0,0
1,1,1,6.183860051e-05,3.73907817e-05,1.342233189e-05,0.0001428519609,3.211772275e-05,-0.001312272627,0,0,0,0,0,0.06283185307,0.01967150918,0.009068996821,-0.002741556778,-0.02098378181,-0.2529656499,-1.304986619,11.55396638,0,-0.01515238394,1.367818473,3,-2.922756614,1.065131086,-0.03701282102,65.24933097,2.922756614,0.03701282102,71.20910041,28,0.05,1.19,-2.876213977e-06,1.438106989e-06,-9.587379924e-07,-9.587379924e-07,-3.83495197e-06,1.19,-2.876213977e-06,1.438106989e-06,-9.587379924e-07,-9.587379924e-07,-3.83495197e-06,1.19,0,1,1,0,0,0
1.01,1,1,6.064017802e-05,3.81098352e-05,1.31826474e-05,0.0001423725919,3.211772275e-05,-0.0005184375694,0,-0.001047197551,0,0,0,0.08901179185,0.01976206166,0.009041457063,-0.002766382254,-0.02028049923,-0.2449938853,-1.236684707,11.54809108,0,-0.005986374483,1.325696499,2.682465644,-2.829211703,1.091511004,-0.03683453875,61.83423535,2.829211703,0.03683453875,67.38274723,28,0.05,1.19,-4.793689962e-07,0.0001047197551,-4.793689962e-07,-0,-3.83495197e-06,1.19,-4.793689962e-07,0.0001047197551,-4.793689962e-07,-0,-3.83495197e-06,1.19,0,0,1,0,0,0
1.02,1,1,6.183860051e-05,3.691141271e-05,1.390170089e-05,0.0001426122764,3.283677624e-05,0.0004973453336,0,0,0,0,0,0.1110029404,0.0198523375,0.009013669429,-0.002791131887,-0.01935499216,-0.2344596194,-1.15812718,11.54800449,-0,0.005742825468,1.26913012,1.151695997,-2.707540737,1.114580699,-0.03596824924,57.90635898,2.707540737,0.03596824924,61.80156396,28,0.05,1.19,-2.876213977e-06,2.396844981e-06,-1.917475985e-06,-4.793689962e-07,-5.273058958e-06,1.19,-2.876213977e-06,2.396844981e-06,-1.917475985e-06,-4.793689962e-07,-5.273058958e-06,1.19,0,0,1,0,0,0
1.03,1,1,6.111954702e-05,3.595267472e-05,1.31826474e-05,0.0001426122764,3.235740724e-05,0.001837661047,0,0,0,0,0,0.1549852376,0.01994233422,0.00898563468,-0.002815805001,-0.01810467318,-0.2201679176,-1.036089622,11.56066035,-0,0.02121828743,1.19107486,-0.4948941326,-2.545286516,1.162828005,-0.03502420588,51.8044811,2.545286516,0.03502420588,53.88989769,28,0.05,1.19,-1.438106989e-06,4.314320966e-06,-4.793689962e-07,-4.793689962e-07,-4.314320966e-06,1.19,-1.438106989e-06,4.314320966e-06,-4.793689962e-07,-4.793689962e-07,-4.314320966e-06,1.19,0,0,1,0,0,0
1.04,1,1,6.135923152e-05,3.595267472e-05,1.342233189e-05,0.0001426122764,3.259709174e-05,0.003552124262,0,0,0,0,0,0.1884955592,0.02003204937,0.008957353586,-0.002840400918,-0.01647992511,-0.201509791,-0.8989736527,11.5981043,-0,0.04100777451,1.087469212,-2.308188154,-2.337131573,1.200930327,-0.03241325134,44.94868263,2.337131573,0.03241325134,45.0100393,28,0.05,1.19,-1.917475985e-06,4.314320966e-06,-9.587379924e-07,-4.793689962e-07,-4.793689962e-06,1.19,-1.917475985e-06,4.314320966e-06,-9.587379924e-07,-4.793689962e-07,-4.793689962e-06,1.19,0,0,1,0,0,0
1.05,1,1,6.087986252e-05,3.619235921e-05,1.414138539e-05,0.0001428519609,3.235740724e-05,0.005633065075,0,0,0,0,0,0.2199114858,0.02012148048,0.008928826922,-0.002864918963,-0.0144884154,-0.1784886497,-0.7380465221,11.67591892,-0,0.06501065934,0.9579580079,-3,-2.084019003,1.237634816,-0.02826238336,36.90232611,2.084019003,0.02826238336,36.01460749,28,0.05,1.19,-9.587379924e-07,3.83495197e-06,-2.396844981e-06,-9.587379924e-07,-4.314320966e-06,1.19,-9.587379924e-07,3.83495197e-06,-2.396844981e-06,-9.587379924e-07,-4.314320966e-06,1.19,0,1,1,0,0,0
1.06,1,1,6.111954702e-05,3.595267472e-05,1.31826474e-05,0.0001435710144,3.211772275e-05,0.008160777792,0,0,0,0,0,0.286932129,0.02021062509,0.008900055469,-0.002889358466,-0.0120498473,-0.1499919422,-0.5099118961,11.81913834,-0,0.09412812181,0.7968440252,-3,-1.772775515,1.315675418,-0.02232715763,25.49559481,1.772775515,0.02232715763,24.29069748,24.29069748,0.0508372046,1.032354643,-1.438106989e-06,4.314320966e-06,-4.793689962e-07,-2.396844981e-06,-3.83495197e-06,1.032354643,-1.438106989e-06,4.314320966e-06,-4.793689962e-07,-2.396844981e-06,-3.83495197e-06,1.16,0,1,0,0,1,0
1.063,1,1,6.159891601e-05,3.595267472e-05,1.29429629e-05,0.0001428519609,3.211772275e-05,0.009013095867,0,0.001047197551,0,0,0,0.3026400923,0.02023731225,0.008891376417,-0.0028966749,-0.01122421638,-0.1402483126,-0.439280181,11.87975849,-0,0.1039336408,0.7419202733,-3,-1.666116083,1.334550945,-0.02005597672,21.96400905,1.666116083,0.02005597672,20.65018111,20.65018111,0.05143530522,0.8776326971,-2.396844981e-06,-0.0001004054342,-0,-9.587379924e-07,-3.83495197e-06,0.8776326971,0,0,0,0,0,0,0,1,0,0,1,1
